"itm_newa","geo","time","values"
"40000","AT","2018",118.18
"40000","BE","2018",57.08
"40000","BG","2018",220
"40000","CH","2018",74.65
"40000","CY","2018",22.03
"40000","CZ","2018",104.6
"40000","DE","2018",475.21
"40000","DK","2018",53.9
"40000","EA11","2018",3989.99
"40000","EA12","2018",4418.19
"40000","EA16","2018",4566.34
"40000","EA19","2018",4805.95
"40000","EE","2018",20.14
"40000","EL","2018",428.2
"40000","ES","2018",861.09
"40000","EU15","2018",4823.11
"40000","EU25","2018",7396.17
"40000","EU27","2018",9077.17
"40000","EU28","2018",9250.33
"40000","FI","2018",59.9
"40000","FR","2018",737.96
"40000","HR","2018",173.16
"40000","HU","2018",404.9
"40000","IE","2018",160.7
"40000","IT","2018",1124.3
"40000","LT","2018",147.94
"40000","LU","2018",3.43
"40000","LV","2018",71.53
"40000","MT","2018",5.04
"40000","NL","2018",147.43
"40000","NO","2018",43.2
"40000","PL","2018",1675.8
"40000","PT","2018",244.72
"40000","RO","2018",1461
"40000","SE","2018",55.95
"40000","SI","2018",77.88
"40000","SK","2018",43.2
"40000","UK","2018",295.07
"40000","AT","2017",118.87
"40000","BE","2017",57.49
"40000","BG","2017",236.4
"40000","CH","2017",75.33
"40000","CY","2017",22.07
"40000","CZ","2017",104.6
"40000","DE","2017",477.6
"40000","DK","2017",53.9
"40000","EA11","2017",4012.41
"40000","EA12","2017",4452.11
"40000","EA16","2017",4601.47
"40000","EA19","2017",4843.21
"40000","EE","2017",20.33
"40000","EL","2017",439.7
"40000","ES","2017",871.97
"40000","EU15","2017",4857.57
"40000","EU25","2017",7450.48
"40000","EU27","2017",9188.88
"40000","EU28","2017",9362.88
"40000","FI","2017",63.4
"40000","FR","2017",745.66
"40000","HR","2017",174
"40000","HU","2017",421.42
"40000","IE","2017",160.7
"40000","IS","2017",3.76
"40000","IT","2017",1122
"40000","LT","2017",146.7
"40000","LU","2017",3.44
"40000","LV","2017",74.71
"40000","MT","2017",5.04
"40000","NL","2017",147.38
"40000","NO","2017",44.1
"40000","PL","2017",1675.8
"40000","PT","2017",243.9
"40000","RO","2017",1502
"40000","SE","2017",57.13
"40000","SI","2017",78.75
"40000","SK","2017",43.5
"40000","UK","2017",294.43
"40000","AT","2016",119.6
"40000","BE","2016",55.35
"40000","BG","2016",253.9
"40000","CH","2016",76.32
"40000","CY","2016",20.85
"40000","CZ","2016",104.5
"40000","DE","2016",480
"40000","DK","2016",54.03
"40000","EA11","2016",3998.35
"40000","EA12","2016",4449.95
"40000","EA16","2016",4604.47
"40000","EA19","2016",4849.82
"40000","EE","2016",20.3
"40000","EL","2016",451.6
"40000","ES","2016",829.51
"40000","EU15","2016",4853.91
"40000","EU25","2016",7468.36
"40000","EU27","2016",9301.26
"40000","EU28","2016",9475.26
"40000","FI","2016",64
"40000","FR","2016",752.91
"40000","HR","2016",174
"40000","HU","2016",434.28
"40000","IE","2016",160.7
"40000","IS","2016",3.83
"40000","IT","2016",1136.5
"40000","LT","2016",148.8
"40000","LU","2016",3.45
"40000","LV","2016",76.25
"40000","MT","2016",5
"40000","NL","2016",145.4
"40000","NO","2016",45
"40000","PL","2016",1675.8
"40000","PT","2016",250.93
"40000","RO","2016",1579
"40000","SE","2016",58.33
"40000","SI","2016",79.97
"40000","SK","2016",48.7
"40000","UK","2016",291.6
"40000","AT","2015",120.38
"40000","BE","2015",57.12
"40000","BG","2015",274.3
"40000","CH","2015",76.85
"40000","CY","2015",17.74
"40000","CZ","2015",104.8
"40000","DE","2015",496
"40000","DK","2015",54.68
"40000","EA11","2015",3998.29
"40000","EA12","2015",4454.69
"40000","EA16","2015",4607.7
"40000","EA19","2015",4856.65
"40000","EE","2015",20.28
"40000","EL","2015",456.4
"40000","ES","2015",800.53
"40000","EU15","2015",4863.32
"40000","EU25","2015",7749.08
"40000","EU27","2015",9380.38
"40000","EU28","2015",9562.38
"40000","FI","2015",79.4
"40000","FR","2015",761.6
"40000","HR","2015",182
"40000","HU","2015",441.9
"40000","IE","2015",163.64
"40000","IS","2015",3.8
"40000","IT","2015",1111.8
"40000","LT","2015",150.8
"40000","LU","2015",3.53
"40000","LV","2015",77.87
"40000","MK","2015",153
"40000","MT","2015",5
"40000","NL","2015",146.1
"40000","NO","2015",46
"40000","PL","2015",1937.1
"40000","PT","2015",258.18
"40000","RO","2015",1357
"40000","SE","2015",59.55
"40000","SI","2015",81.37
"40000","SK","2015",48.9
"40000","UK","2015",294.4
"40000","AT","2014",122.26
"40000","BE","2014",56.84
"40000","BG","2014",296.4
"40000","CH","2014",77.36
"40000","CY","2014",25.03
"40000","CZ","2014",104.9
"40000","DE","2014",504
"40000","DK","2014",54.09
"40000","EA11","2014",4024.73
"40000","EA12","2014",4486.13
"40000","EA16","2014",4651.86
"40000","EA19","2014",4900.15
"40000","EE","2014",21.97
"40000","EL","2014",461.4
"40000","ES","2014",810.01
"40000","EU15","2014",4894.72
"40000","EU25","2014",7813.68
"40000","EU27","2014",9543.08
"40000","EU28","2014",9731.08
"40000","FI","2014",81.2
"40000","FR","2014",774.5
"40000","HR","2014",188
"40000","HU","2014",462.93
"40000","IE","2014",163.64
"40000","IS","2014",3.5
"40000","IT","2014",1095.3
"40000","LT","2014",149.9
"40000","LU","2014",3.53
"40000","LV","2014",76.42
"40000","MK","2014",146
"40000","MT","2014",5
"40000","NL","2014",148.3
"40000","NO","2014",47.1
"40000","PL","2014",1937.1
"40000","PT","2014",265.15
"40000","RO","2014",1433
"40000","SE","2014",60.8
"40000","SI","2014",81.8
"40000","SK","2014",53.9
"40000","UK","2014",293.7
"40000","AT","2013",124.19
"40000","BE","2013",57.9
"40000","BG","2013",321.2
"40000","CH","2013",77.7
"40000","CY","2013",25.6
"40000","CZ","2013",105.1
"40000","DE","2013",503
"40000","DK","2013",52.71
"40000","EA11","2013",4060.4
"40000","EA12","2013",4527.39
"40000","EA16","2013",4694.93
"40000","EA19","2013",4944.87
"40000","EE","2013",22.27
"40000","EL","2013",466.99
"40000","ES","2013",841.68
"40000","EU15","2013",4935.63
"40000","EU25","2013",7839.73
"40000","EU27","2013",9724.93
"40000","EU28","2013",9915.93
"40000","FI","2013",75.9
"40000","FR","2013",781
"40000","HR","2013",191
"40000","HU","2013",444.42
"40000","IE","2013",163.64
"40000","IS","2013",3.98
"40000","IT","2013",1077.5
"40000","LT","2013",144.8
"40000","LU","2013",3.56
"40000","LV","2013",82.87
"40000","MK","2013",139
"40000","MT","2013",5
"40000","NL","2013",150.7
"40000","NO","2013",48.1
"40000","PL","2013",1937.1
"40000","PT","2013",281.33
"40000","RO","2013",1564
"40000","SE","2013",62.08
"40000","SI","2013",82.75
"40000","SK","2013",54.2
"40000","UK","2013",293.45
"40000","AT","2012",125.96
"40000","BE","2012",58.12
"40000","BG","2012",347.4
"40000","CH","2012",79.13
"40000","CY","2012",25.3
"40000","CZ","2012",105.8
"40000","DE","2012",513.6
"40000","DK","2012",52.46
"40000","EA11","2012",4163
"40000","EA12","2012",4620.95
"40000","EA16","2012",4789.04
"40000","EA19","2012",5042.07
"40000","EE","2012",23.15
"40000","EL","2012",457.95
"40000","ES","2012",889.65
"40000","EU15","2012",5032.87
"40000","EU25","2012",7907.87
"40000","EU27","2012",9828.27
"40000","EU28","2012",10030.27
"40000","FI","2012",79.5
"40000","FR","2012",788.2
"40000","HR","2012",202
"40000","HU","2012",433.28
"40000","IE","2012",165.46
"40000","IS","2012",4.12
"40000","IT","2012",1093.7
"40000","LT","2012",145.4
"40000","LU","2012",3.78
"40000","LV","2012",84.48
"40000","MK","2012",118
"40000","MT","2012",4.9
"40000","NL","2012",148.9
"40000","NO","2012",49.2
"40000","PL","2012",1914.8
"40000","PT","2012",296.12
"40000","RO","2012",1573
"40000","SE","2012",63.14
"40000","SI","2012",80.8
"40000","SK","2012",57.1
"40000","UK","2012",296.33
"40000","AT","2011",126.47
"40000","BE","2011",57.61
"40000","BG","2011",375.8
"40000","CH","2011",79.86
"40000","CY","2011",25.4
"40000","CZ","2011",106.2
"40000","DE","2011",517.5
"40000","DK","2011",52.06
"40000","EA11","2011",4228.29
"40000","EA12","2011",4677.72
"40000","EA16","2011",4843.41
"40000","EA19","2011",5098.87
"40000","EE","2011",24.37
"40000","EL","2011",449.43
"40000","ES","2011",903.31
"40000","EU15","2011",5090.1
"40000","EU25","2011",7969.2
"40000","EU27","2011",9877
"40000","EU28","2011",10076
"40000","FI","2011",81.2
"40000","FR","2011",799.5
"40000","HR","2011",199
"40000","HU","2011",436.95
"40000","IE","2011",165.6
"40000","IS","2011",4.29
"40000","IT","2011",1122.7
"40000","LT","2011",142.8
"40000","LU","2011",3.67
"40000","LV","2011",88.29
"40000","MK","2011",131
"40000","MT","2011",4.9
"40000","NL","2011",151.7
"40000","NO","2011",50.3
"40000","PL","2011",1914.8
"40000","PT","2011",299.04
"40000","RO","2011",1532
"40000","SE","2011",64.22
"40000","SI","2011",77.99
"40000","SK","2011",57.4
"40000","UK","2011",296.1
"40000","AT","2010",127.9
"40000","BE","2010",61.9
"40000","BG","2010",406.5
"40000","CH","2010",80.74
"40000","CY","2010",25.4
"40000","CZ","2010",108.8
"40000","DE","2010",522
"40000","DK","2010",54.2
"40000","EA11","2010",4362.41
"40000","EA12","2010",4803.86
"40000","EA16","2010",4967.27
"40000","EA19","2010",5221.91
"40000","EE","2010",25.36
"40000","EL","2010",441.45
"40000","ES","2010",963.77
"40000","EU15","2010",5214.45
"40000","EU25","2010",8100.26
"40000","EU27","2010",10145.76
"40000","EU28","2010",10347.76
"40000","FI","2010",82.1
"40000","FR","2010",809.1
"40000","HR","2010",202
"40000","HU","2010",444.16
"40000","IE","2010",165.6
"40000","IS","2010",4.21
"40000","IT","2010",1164
"40000","LT","2010",143.4
"40000","LU","2010",3.73
"40000","LV","2010",85.88
"40000","MK","2010",117
"40000","MT","2010",4.9
"40000","NL","2010",152.9
"40000","NO","2010",51.4
"40000","PL","2010",1914.8
"40000","PT","2010",309.41
"40000","RO","2010",1639
"40000","SE","2010",65.3
"40000","SI","2010",77.01
"40000","SK","2010",56.1
"40000","UK","2010",291.09
"40000","AT","2009",131.31
"40000","BE","2009",63
"40000","BG","2009",435.8
"40000","CH","2009",81.34
"40000","CY","2009",25.22
"40000","CZ","2009",114.6
"40000","DE","2009",532.19
"40000","DK","2009",55.1
"40000","EA11","2009",4359.91
"40000","EA12","2009",4793.9
"40000","EA16","2009",4989.51
"40000","EA19","2009",5258.78
"40000","EE","2009",29.27
"40000","EL","2009",433.99
"40000","ES","2009",922.03
"40000","EU15","2009",5198.7
"40000","EU25","2009",8434.26
"40000","EU27","2009",11022.06
"40000","EU28","2009",11225.06
"40000","FI","2009",86.9
"40000","FR","2009",827.6
"40000","HR","2009",203
"40000","HU","2009",442.28
"40000","IE","2009",146.5
"40000","IS","2009",3.73
"40000","IT","2009",1154
"40000","LT","2009",147.1
"40000","LU","2009",3.61
"40000","LV","2009",92.9
"40000","MK","2009",118
"40000","MT","2009",4.2
"40000","NL","2009",154.9
"40000","NO","2009",54
"40000","PL","2009",2213.8
"40000","PT","2009",337.87
"40000","RO","2009",2152
"40000","SE","2009",66.37
"40000","SI","2009",80.19
"40000","SK","2009",86
"40000","UK","2009",283.33
"40000","AT","2008",132.58
"40000","BE","2008",64.9
"40000","BG","2008",465.1
"40000","CH","2008",85.41
"40000","CY","2008",25.93
"40000","CZ","2008",120.7
"40000","DE","2008",543.08
"40000","DK","2008",58.1
"40000","EA11","2008",4525.32
"40000","EA12","2008",5024.77
"40000","EA16","2008",5228.39
"40000","EA19","2008",5509.65
"40000","EE","2008",31.21
"40000","EL","2008",499.45
"40000","ES","2008",1012.4
"40000","EU15","2008",5437.69
"40000","EU25","2008",8772.67
"40000","EU27","2008",11389.77
"40000","EU28","2008",11594.77
"40000","FI","2008",88.7
"40000","FR","2008",847.7
"40000","HR","2008",205
"40000","HU","2008",430.11
"40000","IE","2008",147.9
"40000","IT","2008",1184
"40000","LT","2008",150.9
"40000","LU","2008",3.7
"40000","LV","2008",99.15
"40000","MK","2008",130
"40000","MT","2008",4.2
"40000","NL","2008",157.1
"40000","NO","2008",59.4
"40000","PL","2008",2299.3
"40000","PT","2008",343.27
"40000","RO","2008",2152
"40000","SE","2008",67.44
"40000","SI","2008",83.19
"40000","SK","2008",90.3
"40000","UK","2008",287.38
"40000","AT","2007",135.97
"40000","BE","2007",66
"40000","BG","2007",494.4
"40000","CH","2007",86.38
"40000","CY","2007",25.9
"40000","CZ","2007",127
"40000","DE","2007",554.2
"40000","DK","2007",58.8
"40000","EA11","2007",4588.98
"40000","EA12","2007",5163.78
"40000","EA16","2007",5369.13
"40000","EA19","2007",5667.42
"40000","EE","2007",32.92
"40000","EL","2007",574.8
"40000","ES","2007",998.23
"40000","EU15","2007",5581.64
"40000","EU25","2007",8970.87
"40000","EU27","2007",11670.27
"40000","EU28","2007",11879.27
"40000","FI","2007",90.9
"40000","FR","2007",867.1
"40000","HR","2007",209
"40000","HU","2007",459.29
"40000","IE","2007",150.2
"40000","IT","2007",1212
"40000","LT","2007",158
"40000","LU","2007",3.78
"40000","LV","2007",107.37
"40000","MK","2007",119.41
"40000","MT","2007",4.2
"40000","NL","2007",159.3
"40000","NO","2007",61.4
"40000","PL","2007",2299.3
"40000","PT","2007",351.3
"40000","RO","2007",2205
"40000","SE","2007",68.6
"40000","SI","2007",83.95
"40000","SK","2007",91.3
"40000","UK","2007",290.46
"40000","AT","2006",139.49
"40000","BE","2006",68
"40000","BG","2006",563.5
"40000","CH","2006",88.53
"40000","CY","2006",27.3
"40000","CZ","2006",133.1
"40000","DE","2006",568.04
"40000","DK","2006",60.9
"40000","EA11","2006",4703.6
"40000","EA12","2006",5294.1
"40000","EA16","2006",5505.43
"40000","EA19","2006",5831.4
"40000","EE","2006",37.37
"40000","EL","2006",590.5
"40000","ES","2006",1013.29
"40000","EU15","2006",5725.67
"40000","EU25","2006",9192.37
"40000","EU27","2006",12282.87
"40000","EU28","2006",12504.87
"40000","FI","2006",93.1
"40000","FR","2006",886.2
"40000","HR","2006",222
"40000","HU","2006",504.4
"40000","IE","2006",152.9
"40000","IT","2006",1257
"40000","LT","2006",165.8
"40000","LU","2006",3.86
"40000","LV","2006",122.8
"40000","MK","2006",111.81
"40000","MT","2006",4.06
"40000","NL","2006",161.5
"40000","NO","2006",63.3
"40000","PL","2006",2291.9
"40000","PT","2006",360.22
"40000","RO","2006",2527
"40000","SE","2006",74.6
"40000","SI","2006",88.67
"40000","SK","2006",91.3
"40000","UK","2006",296.07
"40000","AT","2005",146.54
"40000","BE","2005",70
"40000","BG","2005",626.4
"40000","CH","2005",88.96
"40000","CY","2005",28.7
"40000","CZ","2005",139.2
"40000","DE","2005",582.6
"40000","DK","2005",62.9
"40000","EA11","2005",4755.58
"40000","EA12","2005",5362.18
"40000","EA16","2005",5583.79
"40000","EA19","2005",5933.41
"40000","EE","2005",37.82
"40000","EL","2005",606.6
"40000","ES","2005",1017.23
"40000","EU15","2005",5804.43
"40000","EU25","2005",9329.01
"40000","EU27","2005",12551.41
"40000","EU28","2005",12779.41
"40000","FI","2005",96.2
"40000","FR","2005",907.8
"40000","HR","2005",228
"40000","HU","2005",522.25
"40000","IE","2005",148.6
"40000","IT","2005",1247
"40000","LT","2005",173.6
"40000","LU","2005",3.99
"40000","LV","2005",138.2
"40000","MK","2005",123
"40000","MT","2005",4.06
"40000","NL","2005",165
"40000","NO","2005",66
"40000","PL","2005",2291.9
"40000","PT","2005",370.63
"40000","RO","2005",2596
"40000","SE","2005",75.6
"40000","SI","2005",90.04
"40000","SK","2005",98.8
"40000","UK","2005",303.75
"40000","AT","2004",151.39
"40000","BE","2004",71.9
"40000","BG","2004",712.4
"40000","CH","2004",91.95
"40000","CY","2004",30.4
"40000","CZ","2004",144.9
"40000","DE","2004",592
"40000","DK","2004",66.9
"40000","EA11","2004",4894.17
"40000","EA12","2004",5507.58
"40000","EA16","2004",5737.84
"40000","EA19","2004",6081.06
"40000","EE","2004",38.26
"40000","EL","2004",613.41
"40000","ES","2004",1032.16
"40000","EU15","2004",5959.6
"40000","EU25","2004",9515.36
"40000","EU27","2004",12563.76
"40000","FI","2004",103.27
"40000","FR","2004",930
"40000","HU","2004",553.79
"40000","IE","2004",160
"40000","IT","2004",1302
"40000","LT","2004",165.4
"40000","LU","2004",3.95
"40000","LV","2004",139.55
"40000","MK","2004",101.35
"40000","MT","2004",4.3
"40000","NL","2004",166.9
"40000","NO","2004",64.49
"40000","PL","2004",2283.6
"40000","PT","2004",380.61
"40000","RO","2004",2336
"40000","SE","2004",76.85
"40000","SI","2004",90.16
"40000","SK","2004",105.41
"40000","UK","2004",308.27
"40000","AT","2003",154.57
"40000","BE","2003",72.9
"40000","BG","2003",791.6
"40000","CH","2003",93.26
"40000","CY","2003",30.62
"40000","CZ","2003",150.5
"40000","DE","2003",610.3
"40000","DK","2003",69.99
"40000","EA11","2003",4976.99
"40000","EA12","2003",5597.39
"40000","EA16","2003",5846.55
"40000","EA19","2003",6212.99
"40000","EE","2003",38.84
"40000","EL","2003",620.4
"40000","ES","2003",1022.66
"40000","EU15","2003",6058.45
"40000","EU25","2003",9685.85
"40000","EU27","2003",13173.45
"40000","FI","2003",106.4
"40000","FR","2003",953.2
"40000","HU","2003",581.91
"40000","IE","2003",164.2
"40000","IT","2003",1313
"40000","LT","2003",186.7
"40000","LU","2003",3.96
"40000","LV","2003",140.9
"40000","MK","2003",126.39
"40000","MT","2003",4.3
"40000","NL","2003",172.5
"40000","NO","2003",67.04
"40000","PL","2003",2279.4
"40000","PT","2003",403.3
"40000","RO","2003",2696
"40000","SE","2003",77.79
"40000","SI","2003",95.61
"40000","SK","2003",118.63
"40000","TR","2003",7165
"40000","UK","2003",313.27
"40000","AT","2002",158.27
"40000","BE","2002",74.77
"40000","BG","2002",791.6
"40000","CH","2002",95.33
"40000","CY","2002",29.68
"40000","CZ","2002",161.4
"40000","DE","2002",632.47
"40000","DK","2002",72.18
"40000","EA11","2002",5126.28
"40000","EA12","2002",5697.48
"40000","EA16","2002",5969.15
"40000","EA19","2002",6349.07
"40000","EE","2002",56.22
"40000","EL","2002",571.2
"40000","ES","2002",1069.31
"40000","EU15","2002",6171.5
"40000","EU25","2002",9898.03
"40000","EU27","2002",13454.63
"40000","FI","2002",106.6
"40000","FR","2002",976.6
"40000","HU","2002",646.74
"40000","IE","2002",158.3
"40000","IT","2002",1362
"40000","LT","2002",180.6
"40000","LU","2002",4.1
"40000","LV","2002",143.1
"40000","MK","2002",138.39
"40000","MT","2002",4.3
"40000","NL","2002",177.5
"40000","NO","2002",68.86
"40000","PL","2002",2266.8
"40000","PT","2002",406.36
"40000","RO","2002",2765
"40000","SE","2002",78.84
"40000","SI","2002",105.98
"40000","SK","2002",131.72
"40000","TR","2002",7458
"40000","UK","2002",323
"40000","AT","2001",161.52
"40000","BE","2001",75.14
"40000","BG","2001",739.6
"40000","CH","2001",99.38
"40000","CY","2001",30.2
"40000","CZ","2001",163.9
"40000","DE","2001",658.92
"40000","DK","2001",75.79
"40000","EA11","2001",5280.59
"40000","EA12","2001",5858.79
"40000","EA16","2001",6132.86
"40000","EA19","2001",6507.28
"40000","EE","2001",58.43
"40000","EL","2001",578.2
"40000","ES","2001",1098.74
"40000","EU15","2001",6346.54
"40000","EU25","2001",10326.17
"40000","EU27","2001",14186.77
"40000","FI","2001",108.9
"40000","FR","2001",1001.3
"40000","HU","2001",642.94
"40000","IE","2001",153.3
"40000","IT","2001",1411
"40000","LT","2001",170.8
"40000","LU","2001",4.22
"40000","LV","2001",145.2
"40000","MK","2001",197.72
"40000","MT","2001",4.47
"40000","NL","2001",180.3
"40000","NO","2001",69.82
"40000","PL","2001",2524.3
"40000","PT","2001",427.26
"40000","RO","2001",3121
"40000","SE","2001",79.36
"40000","SI","2001",107.08
"40000","SK","2001",132.32
"40000","TR","2001",8089
"40000","UK","2001",332.6
"40000","AT","2000",165.41
"40000","BE","2000",74.8
"40000","BG","2000",770.8
"40000","CH","2000",101.06
"40000","CY","2000",30.72
"40000","CZ","2000",166.4
"40000","DE","2000",684.7
"40000","DK","2000",75.54
"40000","EA11","2000",5356.04
"40000","EA12","2000",5941.74
"40000","EA16","2000",6224
"40000","EA19","2000",6623.92
"40000","EE","2000",64.62
"40000","EL","2000",585.7
"40000","ES","2000",1101.45
"40000","EU15","2000",6440.17
"40000","EU25","2000",10459.7
"40000","EU27","2000",14875.5
"40000","FI","2000",111.1
"40000","FR","2000",1028.4
"40000","HU","2000",676.05
"40000","IE","2000",171.7
"40000","IT","2000",1400
"40000","LT","2000",186.7
"40000","LU","2000",4.29
"40000","LV","2000",148.6
"40000","MK","2000",136.6
"40000","MT","2000",4.74
"40000","NL","2000",188.6
"40000","NO","2000",72.12
"40000","PL","2000",2494.9
"40000","PT","2000",425.59
"40000","RO","2000",3645
"40000","SE","2000",80.1
"40000","SI","2000",103.79
"40000","SK","2000",143
"40000","TR","2000",7769
"40000","UK","2000",342.8
"40000","AT","1999",169.39
"40000","BE","1999",75.7
"40000","CH","1999",105.58
"40000","CY","1999",24.4
"40000","CZ","1999",176.98
"40000","DE","1999",714.75
"40000","DK","1999",77.93
"40000","EA11","1999",5456.21
"40000","EA12","1999",6049.71
"40000","EA16","1999",6340.01
"40000","EA19","1999",6806.06
"40000","EE","1999",65.65
"40000","EL","1999",593.5
"40000","ES","1999",1112.74
"40000","EU15","1999",6565.98
"40000","EU25","1999",10727.7
"40000","FI","1999",118.1
"40000","FR","1999",1043.5
"40000","HU","1999",723.49
"40000","IE","1999",191.7
"40000","IT","1999",1416
"40000","LT","1999",246.4
"40000","LU","1999",4.45
"40000","LV","1999",154
"40000","MK","1999",130.55
"40000","MT","1999",4.66
"40000","NL","1999",195.5
"40000","NO","1999",74.15
"40000","PL","1999",2504.9
"40000","PT","1999",414.38
"40000","RO","1999",3648
"40000","SE","1999",81.04
"40000","SI","1999",108.61
"40000","SK","1999",152.63
"40000","TR","1999",8855.5
"40000","UK","1999",357.3
"40000","AT","1998",171.8
"40000","BE","1998",77.1
"40000","CH","1998",106.5
"40000","CZ","1998",192.81
"40000","DE","1998",727.4
"40000","DK","1998",82.03
"40000","EA11","1998",5644.74
"40000","EA12","1998",6243.64
"40000","EE","1998",67.17
"40000","EL","1998",598.9
"40000","ES","1998",1160.42
"40000","EU15","1998",6781.37
"40000","EU25","1998",11276.459
"40000","FI","1998",126.5
"40000","FR","1998",1061.1
"40000","HU","1998",700.78
"40000","IE","1998",208.9
"40000","IT","1998",1486
"40000","LT","1998",274.3
"40000","LU","1998",4.54
"40000","LV","1998",165
"40000","MK","1998",111.41
"40000","MT","1998",4.65
"40000","NL","1998",193.4
"40000","NO","1998",74.86
"40000","PL","1998",2855.7
"40000","PT","1998",427.58
"40000","RO","1998",3460
"40000","SE","1998",84.81
"40000","SI","1998",111.31
"40000","SK","1998",170.94
"40000","TR","1998",9039
"40000","UK","1998",370.9
"40000","AT","1997",177.26
"40000","BE","1997",79.6
"40000","CH","1997",109.08
"40000","DE","1997",739.94
"40000","DK","1997",86.05
"40000","EA11","1997",5718.3
"40000","EA12","1997",6323.1
"40000","EE","1997",67.61
"40000","EL","1997",604.8
"40000","ES","1997",1117.27
"40000","EU15","1997",6877.64
"40000","FI","1997",133.9
"40000","FR","1997",1080.8
"40000","HU","1997",735.1
"40000","IE","1997",214.3
"40000","IT","1997",1536
"40000","LT","1997",310.3
"40000","LU","1997",4.61
"40000","LV","1997",175.2
"40000","MT","1997",4.48
"40000","NL","1997",190.3
"40000","NO","1997",76.3
"40000","PL","1997",3170.1
"40000","PT","1997",444.32
"40000","RO","1997",3473
"40000","SE","1997",88.79
"40000","SI","1997",114.29
"40000","SK","1997",189.59
"40000","TR","1997",8837
"40000","UK","1997",379.7
"40000","AT","1996",179.68
"40000","BE","1996",80
"40000","CH","1996",114.5
"40000","DE","1996",762.1
"40000","DK","1996",88.37
"40000","EA11","1996",5795.51
"40000","EA12","1996",6419.91
"40000","EE","1996",68.12
"40000","EL","1996",624.4
"40000","ES","1996",1104.95
"40000","EU15","1996",6985.2
"40000","FI","1996",137.4
"40000","FR","1996",1108.7
"40000","HU","1996",771.74
"40000","IE","1996",232.2
"40000","IT","1996",1553
"40000","LU","1996",4.74
"40000","MT","1996",4.47
"40000","NL","1996",189.5
"40000","NO","1996",78.72
"40000","PL","1996",3368.8
"40000","PT","1996",443.24
"40000","RO","1996",3198
"40000","SE","1996",91.72
"40000","SI","1996",111.14
"40000","SK","1996",197.87
"40000","TR","1996",9259
"40000","UK","1996",385.2
"40000","AT","1995",188.6
"40000","BE","1995",84
"40000","CH","1995",112.6
"40000","DE","1995",792.02
"40000","DK","1995",89.5
"40000","EA11","1995",5892.81
"40000","EA12","1995",6537.41
"40000","EE","1995",70.44
"40000","EL","1995",644.6
"40000","ES","1995",1101.96
"40000","EU15","1995",7112.86
"40000","FI","1995",140.7
"40000","FR","1995",1138.2
"40000","HU","1995",779.53
"40000","IE","1995",231.7
"40000","IT","1995",1590
"40000","LU","1995",4.93
"40000","MT","1995",4.57
"40000","NL","1995",185.7
"40000","NO","1995",81.13
"40000","PT","1995",435
"40000","SE","1995",94.65
"40000","SI","1995",110.61
"40000","SK","1995",203.18
"40000","TR","1995",9080
"40000","UK","1995",391.3
"40000","AT","1994",199.55
"40000","BE","1994",85.6
"40000","CH","1994",115.62
"40000","DE","1994",833.97
"40000","DK","1994",92.82
"40000","EA11","1994",6114.84
"40000","EA12","1994",6790.14
"40000","EL","1994",675.3
"40000","ES","1994",1114.2
"40000","EU15","1994",7380.23
"40000","FI","1994",146.4
"40000","FR","1994",1173.2
"40000","IE","1994",244.3
"40000","IT","1994",1629
"40000","LU","1994",5.14
"40000","MT","1994",4.56
"40000","NL","1994",223.4
"40000","NO","1994",89.9
"40000","PT","1994",460.07
"40000","SE","1994",97.37
"40000","TR","1994",8812.5
"40000","UK","1994",399.9
"40000","AT","1993",208.72
"40000","BE","1993",87.8
"40000","CH","1993",121.13
"40000","DE","1993",891.23
"40000","DK","1993",97.73
"40000","EA11","1993",6331.75
"40000","EA12","1993",7039.65
"40000","EL","1993",707.9
"40000","ES","1993",1126.67
"40000","EU15","1993",7644.43
"40000","FI","1993",153
"40000","FR","1993",1215.9
"40000","IE","1993",252
"40000","IT","1993",1676
"40000","LU","1993",5.4
"40000","MT","1993",4.75
"40000","NL","1993",230.2
"40000","NO","1993",91.1
"40000","PT","1993",484.83
"40000","SE","1993",99.05
"40000","TR","1993",7861.5
"40000","UK","1993",408
"40000","AT","1992",218.2
"40000","BE","1992",90.2
"40000","CH","1992",124.31
"40000","DE","1992",956.8
"40000","DK","1992",99.04
"40000","EA11","1992",6641
"40000","EA12","1992",7337.7
"40000","EL","1992",696.7
"40000","ES","1992",1176.02
"40000","EU15","1992",7951.4
"40000","FI","1992",159.9
"40000","FR","1992",1284.3
"40000","IE","1992",259.4
"40000","IT","1992",1765
"40000","LU","1992",5.53
"40000","MT","1992",5.04
"40000","NL","1992",230.8
"40000","NO","1992",94.1
"40000","PT","1992",494.84
"40000","SE","1992",99.47
"40000","TR","1992",8718
"40000","UK","1992",415.2
"40000","AT","1991",228.96
"40000","BE","1991",94.3
"40000","CH","1991",127.16
"40000","DE","1991",1137.84
"40000","DK","1991",101.32
"40000","EA11","1991",6971.66
"40000","EA12","1991",7658.86
"40000","EL","1991",687.2
"40000","ES","1991",1209.27
"40000","EU15","1991",8283.83
"40000","FI","1991",162.2
"40000","FR","1991",1342.1
"40000","IE","1991",262.2
"40000","IT","1991",1797
"40000","LU","1991",5.77
"40000","MT","1991",5.14
"40000","NL","1991",226.9
"40000","NO","1991",95.5
"40000","PT","1991",505.11
"40000","SE","1991",101.35
"40000","TR","1991",9211.5
"40000","UK","1991",422.3
"40000","AT","1990",228.24
"40000","BE","1990",96.6
"40000","CH","1990",125.14
"40000","DK","1990",104.76
"40000","EL","1990",746.1
"40000","ES","1990",1286.63
"40000","FI","1990",167
"40000","FR","1990",1403.6
"40000","IE","1990",293.54
"40000","IT","1990",1823
"40000","LU","1990",5.96
"40000","MT","1990",5.14
"40000","NL","1990",224.2
"40000","NO","1990",98.7
"40000","PT","1990",553.43
"40000","SE","1990",104.18
"40000","TR","1990",8691
"40000","UK","1990",429.7
"40000","AT","1989",202.9
"40000","BE","1989",98.5
"40000","CH","1989",125.34
"40000","DK","1989",103.58
"40000","EL","1989",805.2
"40000","ES","1989",1333.78
"40000","FI","1989",171.3
"40000","FR","1989",1465.2
"40000","IT","1989",1880
"40000","LU","1989",6.28
"40000","MT","1989",5.14
"40000","NL","1989",229.3
"40000","NO","1989",101.2
"40000","PT","1989",601.38
"40000","SE","1989",109.62
"40000","TR","1989",8638.5
"40000","UK","1989",439.3
"40000","AT","1988",211.8
"40000","BE","1988",100.8
"40000","CH","1988",126.35
"40000","DK","1988",104.8
"40000","ES","1988",1396.7
"40000","FI","1988",185.4
"40000","FR","1988",1531.1
"40000","IT","1988",2014
"40000","LU","1988",6.43
"40000","MT","1988",5.23
"40000","NL","1988",229.7
"40000","NO","1988",103.1
"40000","PT","1988",648.74
"40000","SE","1988",114.02
"40000","TR","1988",8249
"40000","UK","1988",449.1
"40000","AT","1987",219.1
"40000","BE","1987",103.9
"40000","CH","1987",127.92
"40000","DK","1987",111.1
"40000","ES","1987",1428.2
"40000","FI","1987",212
"40000","FR","1987",1587.3
"40000","IT","1987",2146
"40000","LU","1987",6.69
"40000","MT","1987",5.33
"40000","NL","1987",229.9
"40000","NO","1987",107.9
"40000","PT","1987",697.47
"40000","SE","1987",120.51
"40000","UK","1987",459.4
"40000","AT","1986",226.3
"40000","BE","1986",107.2
"40000","CH","1986",130.4
"40000","DK","1986",115.5
"40000","ES","1986",1468.16
"40000","FI","1986",214.6
"40000","FR","1986",1645
"40000","IT","1986",2220
"40000","LU","1986",7.03
"40000","MT","1986",5.33
"40000","NL","1986",231.6
"40000","NO","1986",112.4
"40000","PT","1986",752.56
"40000","SE","1986",123.96
"40000","UK","1986",468
"40000","AT","1985",233.8
"40000","BE","1985",108.7
"40000","CH","1985",131.96
"40000","DK","1985",119.8
"40000","ES","1985",1524.76
"40000","FI","1985",223.7
"40000","FR","1985",1703.8
"40000","IT","1985",2268
"40000","LU","1985",7.28
"40000","MT","1985",5.42
"40000","NO","1985",114.6
"40000","PT","1985",801.26
"40000","SE","1985",132.24
"40000","UK","1985",475.8
"40000","AT","1984",240.6
"40000","BE","1984",111.3
"40000","DK","1984",124.3
"40000","ES","1984",1573.49
"40000","FI","1984",232
"40000","FR","1984",1761.2
"40000","IT","1984",2407
"40000","LU","1984",7.48
"40000","MT","1984",5.52
"40000","NO","1984",116.2
"40000","PT","1984",849.95
"40000","SE","1984",133.28
"40000","UK","1984",481.4
"40000","AT","1983",245.9
"40000","BE","1983",112.2
"40000","DK","1983",127.7
"40000","ES","1983",1659.18
"40000","FI","1983",239.7
"40000","FR","1983",1815.6
"40000","IT","1983",2492
"40000","LU","1983",7.88
"40000","NO","1983",118.4
"40000","PT","1983",870.39
"40000","SE","1983",137.16
"40000","UK","1983",487.2
"40000","AT","1982",250
"40000","BE","1982",112.9
"40000","DK","1982",129.1
"40000","ES","1982",1679.69
"40000","FI","1982",263.2
"40000","FR","1982",1866.6
"40000","IT","1982",2459
"40000","LU","1982",8.28
"40000","NO","1982",120.9
"40000","PT","1982",890.98
"40000","SE","1982",139.04
"40000","UK","1982",492.3
"40000","AT","1981",254.9
"40000","BE","1981",115.1
"40000","DK","1981",137.1
"40000","ES","1981",1744.22
"40000","FI","1981",273.7
"40000","FR","1981",1917.4
"40000","IT","1981",2618
"40000","LU","1981",8.63
"40000","NO","1981",123.4
"40000","PT","1981",911.45
"40000","SE","1981",148.05
"40000","UK","1981",498.8
"40000","AT","1980",260.3
"40000","BE","1980",119.4
"40000","DK","1980",143.6
"40000","ES","1980",1916.73
"40000","FI","1980",264.8
"40000","FR","1980",1969.2
"40000","IT","1980",2755
"40000","LU","1980",9.16
"40000","NO","1980",125.6
"40000","PT","1980",932.01
"40000","SE","1980",148.78
"40000","UK","1980",509
"40000","AT","1979",266.8
"40000","BE","1979",125.1
"40000","DK","1979",150.71
"40000","ES","1979",2081.14
"40000","FI","1979",270.1
"40000","FR","1979",2022.7
"40000","LU","1979",9.66
"40000","NO","1979",134.6
"40000","PT","1979",1210.7
"40000","SE","1979",155.17
"40000","UK","1979",521.6
"40000","BE","1978",126
"40000","DK","1978",157.01
"40000","ES","1978",2225.82
"40000","FR","1978",2073.5
"40000","LU","1978",10.07
"40000","NO","1978",138
"40000","SE","1978",161.66
"40000","UK","1978",530.8
"40000","BE","1977",130.3
"40000","DK","1977",163.32
"40000","ES","1977",2297.03
"40000","FR","1977",2125.9
"40000","LU","1977",10.61
"40000","NO","1977",142.4
"40000","SE","1977",167.73
"40000","UK","1977",537
"40000","BE","1976",136.2
"40000","DK","1976",170.01
"40000","ES","1976",2464.62
"40000","FR","1976",2180
"40000","LU","1976",10.83
"40000","NO","1976",143.8
"40000","SE","1976",175.27
"40000","UK","1976",546.6
"40000","BE","1975",143.6
"40000","DK","1975",175.56
"40000","ES","1975",2673.12
"40000","FR","1975",2235.7
"40000","LU","1975",11.52
"40000","NO","1975",141.8
"40000","SE","1975",178.93
"40000","UK","1975",557.5
"40000","BE","1974",149.9
"40000","DK","1974",183.95
"40000","ES","1974",2877.42
"40000","FR","1974",2293.2
"40000","LU","1974",12.21
"40000","NO","1974",146.3
"40000","SE","1974",186.47
"40000","UK","1974",567
"40000","BE","1973",155.8
"40000","DK","1973",197.61
"40000","ES","1973",2975.62
"40000","FR","1973",2352.4
"40000","LU","1973",12.67
"40000","NO","1973",151.3
"40000","SE","1973",193.17
"40000","UK","1973",576.9
